dataset,sample,rai_group,rai_group_remission,score,value
GSE151179,GSM4567912,RAI_avid,RAI_avid_remission,TDS,-0.096947472301925
GSE151179,GSM4567913,RAI_avid,RAI_avid_remission,TDS,0.131508260722695
GSE151179,GSM4567914,RAI_avid,RAI_avid_remission,TDS,-0.950466981386125
GSE151179,GSM4567915,RAI_avid,RAI_avid_remission,TDS,0.163205095695583
GSE151179,GSM4567916,RAI_refractory,RAI_refractory,TDS,-0.26353172450466
GSE151179,GSM4567917,RAI_refractory,RAI_refractory,TDS,-1.28377579246061
GSE151179,GSM4567918,RAI_refractory,RAI_refractory,TDS,-1.35650447299144
GSE151179,GSM4567919,RAI_refractory,RAI_refractory,TDS,-1.0171965555355
GSE151179,GSM4567920,RAI_refractory,RAI_refractory,TDS,0.556209493783088
GSE151179,GSM4567921,RAI_refractory,RAI_refractory,TDS,0.360230699461884
GSE151179,GSM4567922,RAI_refractory,RAI_refractory,TDS,0.158687299722946
GSE151179,GSM4567923,RAI_refractory,RAI_refractory,TDS,0.0500191281396426
GSE151179,GSM4567924,RAI_refractory,RAI_refractory,TDS,-0.137719973720858
GSE151179,GSM4567925,RAI_refractory,RAI_refractory,TDS,-0.475038487419995
GSE151179,GSM4567926,RAI_refractory,RAI_refractory,TDS,1.1127907877101
GSE151179,GSM4567927,RAI_refractory,RAI_refractory,TDS,0.295428247770869
GSE151179,GSM4567928,RAI_refractory,RAI_refractory,TDS,-0.637641308242122
GSE151179,GSM4567929,RAI_refractory,RAI_refractory,TDS,-0.0905511943387177
GSE151179,GSM4567930,RAI_refractory,RAI_refractory,TDS,0.533456097050306
GSE151179,GSM4567931,RAI_refractory,RAI_refractory,TDS,-0.474129579101417
GSE151179,GSM4567932,RAI_refractory,RAI_refractory,TDS,-0.0223436284075051
GSE151179,GSM4567933,RAI_refractory,RAI_refractory,TDS,0.349486337601769
GSE151179,GSM4567934,RAI_refractory,RAI_refractory,TDS,-1.07656120854783
GSE151179,GSM4567935,RAI_refractory,RAI_refractory,TDS,-0.0600774892317455
GSE151179,GSM4567936,RAI_refractory,RAI_refractory,TDS,-0.46417299198771
GSE151179,GSM4567937,RAI_refractory,RAI_refractory,TDS,-0.145574666284472
GSE151179,GSM4567938,RAI_refractory,RAI_refractory,TDS,0.243492428681651
GSE151179,GSM4567939,RAI_refractory,RAI_refractory,TDS,-1.92246380468911
GSE151179,GSM4567940,RAI_refractory,RAI_refractory,TDS,-0.474241726414833
GSE151179,GSM4567941,RAI_refractory,RAI_refractory,TDS,-1.53876340034756
GSE151179,GSM4567942,RAI_refractory,RAI_refractory,TDS,0.0177572259757236
GSE151179,GSM4567943,RAI_refractory,RAI_refractory,TDS,0.0568836485823163
GSE151179,GSM4567944,RAI_refractory,RAI_refractory,TDS,-0.80244828096294
GSE151179,GSM4567945,RAI_refractory,RAI_refractory,TDS,-0.543458682367423
GSE151179,GSM4567946,RAI_refractory,RAI_refractory,TDS,-0.199881202504198
GSE151179,GSM4567947,RAI_refractory,RAI_refractory,TDS,-0.0933914806370722
GSE151179,GSM4567948,RAI_refractory,RAI_refractory,TDS,-0.147657252103107
GSE151179,GSM4567949,RAI_refractory,RAI_refractory,TDS,-0.164071820341408
GSE151179,GSM4567950,RAI_refractory,RAI_refractory,TDS,-0.240225996799203
GSE151179,GSM4567912,RAI_avid,RAI_avid_remission,OneCarbon,1.50473579928239
GSE151179,GSM4567913,RAI_avid,RAI_avid_remission,OneCarbon,0.366378583096051
GSE151179,GSM4567914,RAI_avid,RAI_avid_remission,OneCarbon,0.0564284758954943
GSE151179,GSM4567915,RAI_avid,RAI_avid_remission,OneCarbon,-0.389576287931531
GSE151179,GSM4567916,RAI_refractory,RAI_refractory,OneCarbon,0.472912628565037
GSE151179,GSM4567917,RAI_refractory,RAI_refractory,OneCarbon,0.436660360177304
GSE151179,GSM4567918,RAI_refractory,RAI_refractory,OneCarbon,0.621118974578565
GSE151179,GSM4567919,RAI_refractory,RAI_refractory,OneCarbon,0.479791110132181
GSE151179,GSM4567920,RAI_refractory,RAI_refractory,OneCarbon,-0.0822324089418369
GSE151179,GSM4567921,RAI_refractory,RAI_refractory,OneCarbon,-0.846083688585375
GSE151179,GSM4567922,RAI_refractory,RAI_refractory,OneCarbon,-0.332612886907055
GSE151179,GSM4567923,RAI_refractory,RAI_refractory,OneCarbon,0.131221829373292
GSE151179,GSM4567924,RAI_refractory,RAI_refractory,OneCarbon,-0.213240820627659
GSE151179,GSM4567925,RAI_refractory,RAI_refractory,OneCarbon,0.728253492713751
GSE151179,GSM4567926,RAI_refractory,RAI_refractory,OneCarbon,-0.0461001127084176
GSE151179,GSM4567927,RAI_refractory,RAI_refractory,OneCarbon,0.00564603982117317
GSE151179,GSM4567928,RAI_refractory,RAI_refractory,OneCarbon,-0.0334342668963032
GSE151179,GSM4567929,RAI_refractory,RAI_refractory,OneCarbon,-0.233743412969998
GSE151179,GSM4567930,RAI_refractory,RAI_refractory,OneCarbon,-0.116612083394053
GSE151179,GSM4567931,RAI_refractory,RAI_refractory,OneCarbon,-0.241460700052785
GSE151179,GSM4567932,RAI_refractory,RAI_refractory,OneCarbon,-0.10175095848388
GSE151179,GSM4567933,RAI_refractory,RAI_refractory,OneCarbon,-0.201536825535355
GSE151179,GSM4567934,RAI_refractory,RAI_refractory,OneCarbon,-0.251367397295996
GSE151179,GSM4567935,RAI_refractory,RAI_refractory,OneCarbon,-0.211608648416286
GSE151179,GSM4567936,RAI_refractory,RAI_refractory,OneCarbon,-0.0516355410023238
GSE151179,GSM4567937,RAI_refractory,RAI_refractory,OneCarbon,0.267956852152513
GSE151179,GSM4567938,RAI_refractory,RAI_refractory,OneCarbon,0.228581238987144
GSE151179,GSM4567939,RAI_refractory,RAI_refractory,OneCarbon,0.267386275826818
GSE151179,GSM4567940,RAI_refractory,RAI_refractory,OneCarbon,-0.34703674970734
GSE151179,GSM4567941,RAI_refractory,RAI_refractory,OneCarbon,0.136431832914197
GSE151179,GSM4567942,RAI_refractory,RAI_refractory,OneCarbon,-0.0639826622089464
GSE151179,GSM4567943,RAI_refractory,RAI_refractory,OneCarbon,0.0628044253935842
GSE151179,GSM4567944,RAI_refractory,RAI_refractory,OneCarbon,0.00140706473911715
GSE151179,GSM4567945,RAI_refractory,RAI_refractory,OneCarbon,0.285881706390268
GSE151179,GSM4567946,RAI_refractory,RAI_refractory,OneCarbon,0.295796945460594
GSE151179,GSM4567947,RAI_refractory,RAI_refractory,OneCarbon,0.0829955442395207
GSE151179,GSM4567948,RAI_refractory,RAI_refractory,OneCarbon,0.114151787276131
GSE151179,GSM4567949,RAI_refractory,RAI_refractory,OneCarbon,-0.246034673624631
GSE151179,GSM4567950,RAI_refractory,RAI_refractory,OneCarbon,0.0632379679980721
GSE151179,GSM4567912,RAI_avid,RAI_avid_remission,RAIR_like,6.32981351800568
GSE151179,GSM4567913,RAI_avid,RAI_avid_remission,RAIR_like,0.550728588277047
GSE151179,GSM4567914,RAI_avid,RAI_avid_remission,RAIR_like,0.833673737292732
GSE151179,GSM4567915,RAI_avid,RAI_avid_remission,RAIR_like,1.8436286001704
GSE151179,GSM4567916,RAI_refractory,RAI_refractory,RAIR_like,-0.584461162702569
GSE151179,GSM4567917,RAI_refractory,RAI_refractory,RAIR_like,3.41693614719692
GSE151179,GSM4567918,RAI_refractory,RAI_refractory,RAIR_like,2.70741522655245
GSE151179,GSM4567919,RAI_refractory,RAI_refractory,RAIR_like,3.43510104017842
GSE151179,GSM4567920,RAI_refractory,RAI_refractory,RAIR_like,0.295592976197138
GSE151179,GSM4567921,RAI_refractory,RAI_refractory,RAIR_like,-2.75696094374514
GSE151179,GSM4567922,RAI_refractory,RAI_refractory,RAIR_like,1.70978509675901
GSE151179,GSM4567923,RAI_refractory,RAI_refractory,RAIR_like,1.19190219785259
GSE151179,GSM4567924,RAI_refractory,RAI_refractory,RAIR_like,0.233994301240168
GSE151179,GSM4567925,RAI_refractory,RAI_refractory,RAIR_like,1.32021687038719
GSE151179,GSM4567926,RAI_refractory,RAI_refractory,RAIR_like,-0.867966641720159
GSE151179,GSM4567927,RAI_refractory,RAI_refractory,RAIR_like,2.58653344906736
GSE151179,GSM4567928,RAI_refractory,RAI_refractory,RAIR_like,1.72945454849888
GSE151179,GSM4567929,RAI_refractory,RAI_refractory,RAIR_like,1.8831368060256
GSE151179,GSM4567930,RAI_refractory,RAI_refractory,RAIR_like,1.43296576694291
GSE151179,GSM4567931,RAI_refractory,RAI_refractory,RAIR_like,0.951005112894011
GSE151179,GSM4567932,RAI_refractory,RAI_refractory,RAIR_like,1.49874630745769
GSE151179,GSM4567933,RAI_refractory,RAI_refractory,RAIR_like,-0.469323350939911
GSE151179,GSM4567934,RAI_refractory,RAI_refractory,RAIR_like,-0.704045697774496
GSE151179,GSM4567935,RAI_refractory,RAI_refractory,RAIR_like,1.4970818567855
GSE151179,GSM4567936,RAI_refractory,RAI_refractory,RAIR_like,1.78674447818807
GSE151179,GSM4567937,RAI_refractory,RAI_refractory,RAIR_like,2.29839994247155
GSE151179,GSM4567938,RAI_refractory,RAI_refractory,RAIR_like,2.8534434917924
GSE151179,GSM4567939,RAI_refractory,RAI_refractory,RAIR_like,-0.299663861184682
GSE151179,GSM4567940,RAI_refractory,RAI_refractory,RAIR_like,1.02969467767441
GSE151179,GSM4567941,RAI_refractory,RAI_refractory,RAIR_like,-2.72391003938725
GSE151179,GSM4567942,RAI_refractory,RAI_refractory,RAIR_like,-0.220572784623845
GSE151179,GSM4567943,RAI_refractory,RAI_refractory,RAIR_like,2.24087575086868
GSE151179,GSM4567944,RAI_refractory,RAI_refractory,RAIR_like,1.39985923202022
GSE151179,GSM4567945,RAI_refractory,RAI_refractory,RAIR_like,2.03251050541708
GSE151179,GSM4567946,RAI_refractory,RAI_refractory,RAIR_like,1.85553677049115
GSE151179,GSM4567947,RAI_refractory,RAI_refractory,RAIR_like,1.86100048323362
GSE151179,GSM4567948,RAI_refractory,RAI_refractory,RAIR_like,0.789811012212132
GSE151179,GSM4567949,RAI_refractory,RAI_refractory,RAIR_like,0.129261904106419
GSE151179,GSM4567950,RAI_refractory,RAI_refractory,RAIR_like,1.9110994824105
