gene,evidence_tier,biological_axis,actionability_note,median_high,median_low,delta_high_low,p_wilcox,rho_RAIR_like,p_rho_RAIR_like,rho_TDS,p_rho_TDS,priority_score,n_external_up_validations,best_external_padj,GSE33630_delta,GSE33630_padj,GSE76039_delta,GSE76039_padj
AXL,Tier 1A_core_actionable_axis,RTK/EMT survival,clinically druggable kinase class; use as actionable ecology-linked node,5.32840206837411,4.47710348834609,0.851298580028021,5.30141766305454e-41,0.689952691463697,1.30545340959196e-72,-0.117970355683946,0.00796011503429397,29,2,1.26600020201606e-05,0.898137455000001,0.000210492353735944,1.949448566,1.26600020201606e-05
SLC1A5,Tier 1A_core_actionable_axis,amino-acid uptake,transporter vulnerability; robust across TCGA and GEO,5.35857560301063,4.11836977380299,1.24020582920764,6.04662475380714e-29,0.601626684407571,0,-0.391580990397176,0,23,2,2.63413968468718e-07,1.3330693,2.63413968468718e-07,2.183772462,1.26600020201606e-05
MTHFD2,Tier 1A_core_actionable_axis,mitochondrial one-carbon,enzyme vulnerability; strongest one-carbon gene across TCGA and GEO,2.39969064396858,1.71507377061052,0.684616873358052,5.69297812724137e-26,0.595859534421889,7.41802686640954e-50,-0.182508776052908,3.6926402480537e-05,43,2,7.15114999696792e-08,2.663736205,7.15114999696792e-08,3.050081338,1.26600020201606e-05
SLC7A5,Tier 1A_core_actionable_axis,amino-acid uptake,transporter vulnerability; robust across TCGA and GEO,3.3885339790918,2.7021477345027,0.686386244589102,9.53600132458215e-17,0.475810278445786,6.81007888407818e-30,-0.258250225447628,3.87923850144749e-09,47,2,2.18806873544021e-05,1.936600894,0.000170374340974891,3.9867323375,2.18806873544021e-05
FN1,Tier 1B_ecology_state_axis,ECM/CAF-epithelial interface,robust ECM/state anchor; better as ecology marker than direct tumor-cell target,11.7860127625855,8.14425820951834,3.64175455306713,1.98177716866395e-36,0.677224275222553,0,-0.571083443748101,0,8,2,0.000114524498541232,3.158745802,0.000114524498541232,5.54601605,0.000160026750361532
ITGB1,Tier 1B_ecology_state_axis,ECM adhesion,adhesion/ECM interface; ecology marker and combination-rationale node,6.00774941507202,5.25676909822635,0.750980316845672,4.44958809021567e-34,0.638960386721902,0,0.221985583651533,5.01201878954849e-07,49,2,2.18806873544021e-05,0.772525696000001,4.09452461907226e-05,1.472135777,2.18806873544021e-05
FOSL1,Tier 1B_ecology_state_axis,AP-1/MAPK transcription,transcriptional MAPK/AP-1 readout; marker or upstream-pathway rationale,3.4721368029549,2.60715380319841,0.864982999756487,2.38801514179894e-19,0.524765520030264,0,-0.199940553061517,6.23104418312164e-06,42,2,0.000660101392732114,2.405151759,0.000660101392732114,3.05300282,0.000893703175925857
DUSP5,Tier 2_supportive_marker_axis,MAPK feedback,MAPK feedback readout; validated in PTC-to-ATC but not PDTC-to-ATC,8.14999449001592,6.28351678881563,1.86647770120029,3.50041828804243e-39,0.717832497535468,0,-0.406837236518683,0,8,1,0.0416512103604041,-0.473953512,0.692298821724417,1.1277613905,0.0416512103604041
MTHFD1L,Tier 2_supportive_marker_axis,mitochondrial one-carbon,one-carbon support gene; validated mainly in PDTC-to-ATC contrast,4.79072512866236,4.16602816600919,0.624696962653168,3.55374224438795e-37,0.689293401389828,0,-0.00974752754778583,0.826971937240456,43,1,0.000892063413222189,0.0290206189999989,0.31489198426914,1.259637324,0.000892063413222189
LAMC2,Tier 2_supportive_marker_axis,basement membrane/EMT,EMT/basement-membrane marker; one external validation,7.02660643313602,6.22725628887997,0.799350144256057,6.01645287755255e-31,0.62122311610043,0,-0.220717444415249,5.83555061814943e-07,32,1,0.0037493126306784,0.389437657,0.560257603143339,4.279873967,0.0037493126306784
KRT19,Tier 2_supportive_marker_axis,dedifferentiated epithelial,epithelial dedifferentiation marker; one external validation,9.12031694471479,7.54431034017985,1.57600660453494,3.16404683589145e-30,0.617321421583152,0,-0.567283405359169,0,18,1,0.0100601655924662,-1.45760569,0.0100601655924662,3.860501551,0.0116222716710376
SHMT2,Tier 2_supportive_marker_axis,mitochondrial one-carbon,"one-carbon support gene; TCGA signal, external GEO borderline after FDR",5.3424551869822,5.03725553849558,0.305199648486625,5.66593486725587e-22,0.49773850055813,0,0.0521017940303347,0.242419498900424,78,0,0.0535623710165472,1.062320881,0.0688263766882259,0.5279571135,0.0535623710165472
DUSP6,Tier 3_deprioritize_as_primary_marker,MAPK feedback,TCGA-correlated but not externally stable,8.92183677258795,7.7288261088067,1.19301066378125,5.60862492285399e-47,0.764330532432125,0,-0.14450181042949,0.00114041198952414,21,0,0.000170374340974891,-1.883120368,0.000170374340974891,0.215183314999999,0.911931439764781
MET,Tier 3_deprioritize_as_primary_marker,RTK,TCGA-correlated but reverses/fails in external ATC validation,8.34916974604327,6.74234095925174,1.60682878679153,1.95730490546785e-49,0.754078730854452,0,-0.330213580364248,3.51233416255659e-14,10,0,0.000170374340974891,-1.76552359,0.000170374340974891,-0.14361596,0.987993147880946
DUSP4,Tier 3_deprioritize_as_primary_marker,MAPK feedback,TCGA-correlated but not externally stable,4.86596334148979,3.96368217628832,0.902281165201472,2.2882790257418e-38,0.677040250608912,0,-0.109429887088088,0.013912010661282,31,0,1.29232984555317e-05,-2.573809697,1.29232984555317e-05,-0.893833737,0.268045020720599
CCND1,Tier 3_deprioritize_as_primary_marker,cell cycle/MAPK,TCGA-correlated but not externally stable,8.46759780678375,7.6356164511419,0.831981355641848,1.28431489510845e-36,0.660560031158395,0,0.113497436700192,0.0107293235930508,41,0,7.15114999696792e-08,-1.506584042,7.15114999696792e-08,-0.414575620000001,0.0636185475529916
PIK3CA,Tier 3_deprioritize_as_primary_marker,PI3K,TCGA-correlated but not externally stable as expression marker,2.91582680762387,2.27221726251131,0.643609545112561,1.20702672586246e-36,0.653726816479633,6.94832584791884e-63,0.191652415047073,1.44807862352911e-05,51,0,0.0533012701799276,0.199160946999999,0.357962128848396,0.285622968499999,0.0533012701799276
HMGA2,Tier 3_deprioritize_as_primary_marker,EMT/chromatin,TCGA-correlated but not externally stable,3.95628902658394,2.57504442775728,1.38124459882666,3.39288158140191e-29,0.587223440990608,3.92031825122895e-48,-0.205030119588747,3.39248804246228e-06,30,0,0.0540441144165089,-0.107571245000001,0.357962128848396,1.237583826,0.0540441144165089
ETV4,Tier 3_deprioritize_as_primary_marker,ETS/MAPK,TCGA-correlated but not externally stable,5.85007679473739,5.02401819944836,0.826058595289026,2.153869995853e-31,0.584160558913034,0,0.00767499110159463,0.863351767865817,47,0,0.141274905665172,-0.422922262999999,0.141274905665172,-0.225688838,0.520376901201907
ETV5,Tier 3_deprioritize_as_primary_marker,ETS/MAPK,TCGA-correlated but not externally stable,6.02273398914152,5.37308263088036,0.649651358261168,2.45760580436491e-25,0.53978174214937,0,0.32089513299156,1.97461109606672e-13,65,0,4.09895093785074e-06,-1.43978177,4.09895093785074e-06,-1.3620540175,2.71279470389593e-05
ALK,Tier 3_deprioritize_as_primary_marker,RTK,TCGA-correlated but not externally stable as expression marker,1.38427089254241,0.773700783699484,0.610570108842931,5.41313311555002e-24,0.525041456209841,4.00645263850544e-37,-0.0340175843234116,0.445596668632737,60,0,0.369975404560618,-0.100890977,0.369975404560618,0.0490318380000003,0.641737142936572
