pathway,pval,padj,log2err,ES,NES,size,leadingEdge
HALLMARK_TNFA_SIGNALING_VIA_NFKB,1.77900678484571e-21,8.71713324574395e-20,1.19534448258848,0.611718273850333,1.96053084596058,193,PTPRE;SDC4;LAMB3;ICAM1;SERPINB8;DRAM1;TIPARP;B4GALT5;TNC;LDLR;PFKFB3;TSC22D1;RIPK2;PLAUR;MAFF;TGIF1;BHLHE40;FOSL2;CSF2;NAMPT;PTGS2;SLC2A3;LIF;BTG3;CLCF1;PLAU;BIRC2;MYC;MCL1;AREG;INHBA;CFLAR;GADD45A;RELB;HBEGF;CXCL2;RELA;IFIT2;G0S2;PMEPA1;ABCA1;IER3;KLF4;IL23A;TNFSF9;IL6ST;ZBTB10;SPHK1;IFIH1;REL;PTGER4;NFKB2;STAT5A;IRS2;TANK;F2RL1;CXCL3;ZC3H12A;TRIP10;ATP2B1;KLF6;CCL20;B4GALT1;SMAD3;TAP1;DUSP2;TNFAIP6;NFKB1;BIRC3;IFNGR2;RNF19B;PLK2;YRDC;TNIP1;ETS2;BCL3;BCL6;SPSB1;PHLDA2;JAG1;CSF1;SERPINE1;OLR1;IER5;NFAT5;NFKBIE;KDM6B;MAP2K3;FUT4;EFNA1;LITAF;IL18;PPP1R15A;EIF1;GCH1;KLF10;CXCL1;BTG1;F3;PANX1;ATF3;TRIB1;SAT1;EDN1;DENND5A;CDKN1A;NFIL3;IL7R;IL15RA;CEBPB;NR4A2;IL6;JUNB;EGR3;SERPINB2;SOCS3;GPR183;PLEK;BCL2A1;ID2;CD83;CD69;ICOSLG;GEM;TLR2
HALLMARK_MITOTIC_SPINDLE,7.32282034345956e-20,1.79409098414759e-18,1.15122052214226,0.599876808271361,1.92323737354181,195,FLNA;LLGL1;MYH10;CDC42EP1;RASA1;DST;ARF6;SEPTIN9;WASF1;NOTCH2;ABR;TIAM1;GSN;SYNPO;ROCK1;ARHGAP10;CTTN;RAPGEF5;BRCA2;CLIP2;KIF23;ACTN4;RASAL2;CDK5RAP2;ANLN;MYO1E;KNTC1;MAP1S;ABI1;FARP1;VCL;MYH9;NIN;RANBP9;CKAP5;AKAP13;SPTAN1;KIF4A;ECT2;ARFGEF1;MID1IP1;KIF5B;CNTRL;SMC4;NET1;CD2AP;PCM1;PKD2;RASA2;SUN2;DLGAP5;NEDD9;ARHGEF2;CDC42BPA;CDC42;CDC42EP4;MYO9B;EZR;ALMS1;TOP2A;HOOK3;TRIO;WASF2;ITSN1;NCK2;STK38L;BUB1;ARHGAP29;DYNC1H1;PXN;SHROOM2;KIF1B;RACGAP1;KIFAP3;PALLD;SMC3;PLEKHG2;KIF3C;LMNB1;ARHGEF12;CENPF;RAB3GAP1;RALBP1;KIF11;LATS1;RICTOR;KIF20B;NUMA1;CLASP1;CEP192;PPP4R2;MAP3K11;TUBA4A;WASL;CSNK1D;ARHGDIA;EPB41L2;PCNT;TLK1;NF1;TUBGCP3;DOCK4;ARHGAP27;TPX2;ALS2;MARK4;ABL1;KATNA1;KIF15;NEK2;SMC1A;TTK;CENPE;CEP57;NDC80;FLNB;FBXO5;ARHGAP5;CCNB2;LRPPRC;BCAR1;FGD4;RFC1;ARL8A;BCR;KIF2C;HDAC6;ESPL1;PAFAH1B1;DOCK2;SOS1;CNTROB;BCL2L11;KATNB1;NCK1;RAPGEF6;BIRC5;CYTH2;RABGAP1;PDLIM5;SHROOM1;TUBGCP6;SASS6;CDK1;CDC27;PLK1;SSH2;GEMIN4;STAU1;TAOK2
HALLMARK_G2M_CHECKPOINT,2.67339168364416e-19,4.36653974995213e-18,1.13308993200902,0.596312445717696,1.91115582717703,193,RAD23B;NOTCH2;HIF1A;HMGA1;TMPO;DMD;PLK4;BRCA2;SLC12A2;DR1;MYC;KIF23;RASAL2;MCM6;FOXN3;KPNA2;ODC1;MCM5;CDC25B;MCM2;SMARCC1;KIF4A;KNL1;PRIM2;KIF5B;SMC4;CKS1B;TOP1;MCM3;CDC7;NCL;SMC2;TOP2A;WRN;NUP98;MAP3K20;G3BP1;STMN1;BARD1;CHEK1;BUB1;SMAD3;TGFB1;RACGAP1;ARID4A;CASP8AP2;PDS5B;HNRNPU;LBR;POLE;MKI67;LMNB1;UPF1;CENPF;BCL3;KIF11;DBF4;STIL;TENT4A;ILF3;CUL3;MAD2L1;ATRX;SLC7A1;CCNA2;ORC6;KIF20B;CHAF1A;NUMA1;JPT1;BUB3;SNRPD1;HMMR;CDC45;PML;STAG1;XPO1;DKC1;SFPQ;SS18;CUL1;KPNB1;CCNT1;MAPK14;EZH2;CDK4;EXO1;ODF2;HSPA8;E2F3;TPX2;ABL1;KATNA1;POLQ;KIF15;RAD21;NEK2;SMC1A;TTK;CENPE;PBK;CTCF;NDC80;CDC6;FBXO5;RBL1;CCNB2;NASP;CUL5;CUL4A;UBE2C;HNRNPD;YTHDC1;TNPO2;AURKB;KIF2C;HUS1;HMGB3;RBM14;ESPL1;PAFAH1B1;MTF2;GSPT1;CENPA;CKS2;SRSF10;EFNA5;EWSR1;SYNCRIP;TRA2B;PRMT5;BIRC5;PURA;RAD54L;E2F4;E2F1;MNAT1;LIG3;NUP50;CDK1;CDC27;AMD1;CDKN3;SRSF1;PLK1
HALLMARK_INTERFERON_GAMMA_RESPONSE,4.84430267814368e-17,5.934270780726e-16,1.06720998682811,0.580314389740543,1.86051920555037,195,ICAM1;NOD1;PELI1;FAS;RIPK2;IRF5;PARP14;LY6E;IL4R;UPP1;ST8SIA4;STAT1;MVP;DDX60;HIF1A;CFH;NAMPT;PTGS2;MYD88;ISOC1;PLSCR1;TRIM14;ARID5B;SP110;STAT3;OAS3;HERC6;IFIT2;CASP8;CASP3;APOL6;PLA2G4A;ST3GAL5;PNP;ADAR;STAT4;IFIH1;HLA-G;ZNFX1;TRIM21;AUTS2;RNF213;STAT2;IFIT3;ITGB7;SAMHD1;CFB;SAMD9L;WARS1;RSAD2;FPR1;PTPN2;TAP1;HELZ2;SSPN;CASP7;TNFAIP6;NFKB1;UBE2L6;CD40;EIF2AK2;NMI;EPSTI1;PARP12;SERPING1;TDRD7;EIF4E3;IFNAR2;PSMB8;BPGM;CSF2RB;PTPN1;SELP;CD86;PML;IL2RB;HLA-DQA1;GCH1;BTG1;RBCK1;HLA-B;NCOA3;NUP93;MX2;CDKN1A;CMPK2;IL7;LAP3;IL15RA;IFI44;MX1;OASL;HLA-DRB1;B2M;IL6;JAK2;SPPL2A;MARCHF1;SOCS3;CMTR1;PSMB2;CIITA;PNPT1;NLRC5;CD69;USP18;IRF2;IFIT1;FGL2;HLA-A;SOD2;CCL7;CMKLR1;PSME1;CD74;CCL2;TRAFD1;SRI;TOR1B;OAS2;TNFAIP3;RIPK1;RAPGEF6;SECTM1;TRIM26;IRF7;VCAM1;PSMB10;VAMP8;LCP2;PTPN6;PSMB9;IRF9;TXNIP
HALLMARK_E2F_TARGETS,7.96144295810492e-17,7.80221409894283e-16,1.05746357275086,0.573645598979333,1.83963317064381,198,DNMT1;MCM4;HMGA1;MMS22L;TMPO;PLK4;BRCA2;MYC;DONSON;MCM6;KPNA2;NAP1L1;ATAD2;TRIP13;MCM5;CDC25B;POLD1;MCM2;SLBP;DCLRE1B;KIF4A;RFC3;PRIM2;IPO7;SMC4;DIAPH3;HELLS;CKS1B;MCM3;SMC6;CTPS1;MSH2;USP1;PSIP1;CHEK2;DLGAP5;PRKDC;MCM7;ZW10;MELK;NUP205;CSE1L;TOP2A;POLD3;GINS4;GINS1;WEE1;TP53;STMN1;NBN;BARD1;CHEK1;RAD1;NUP107;RACGAP1;XRCC6;ANP32E;NUDT21;PDS5B;SMC3;LBR;POLE;MKI67;LMNB1;MRE11;LIG1;PPP1R8;RAN;RAD51AP1;DCK;ASF1B;PCNA;ILF3;RRM2;TUBB;MAD2L1;ORC6;NCAPD2;BUB1B;PPM1D;TCF19;JPT1;CDCA8;HMMR;STAG1;XPO1;RFC2;RPA1;RAD50;RANBP1;EZH2;RBBP7;DSCC1;CDK4;BRMS1L;CDKN1A;DEK;E2F8;RAD21;SMC1A;HMGB2;CENPE;TIMELESS;CTCF;LYAR;NUP153;CCNB2;SSRP1;NASP;UBE2T;HNRNPD;EED;RFC1;SPC24;AURKB;EXOSC8;KIF2C;HUS1;HMGB3;ESPL1;CDKN2A;CCP110;UBR7;KIF18B;GSPT1;CKS2;EIF2S1;SPC25;SYNCRIP;TRA2B;BIRC5;TK1;PNN;GINS3;PSMC3IP;CNOT9;ING3;PHF5A;CDK1;CDKN3;SRSF1;PLK1;DEPDC1;RPA2;PRDX4
HALLMARK_APICAL_JUNCTION,1.46469029637904e-16,1.19616374204288e-15,1.04762648849882,0.585912649866718,1.87243532924175,181,SDC3;LAMB3;ICAM1;ACTN1;SLIT2;MSN;MYH10;CD276;ITGB4;CDH3;RASA1;AMIGO2;GRB7;ITGA3;MPZL2;ITGA2;PCDH1;NECTIN4;EGFR;ZYX;ICAM5;BAIAP2;SGCE;CDH6;BMP1;NECTIN1;VASP;CLDN4;CDH11;DSC3;YWHAH;SKAP2;CDSN;MDK;ACTN4;ARPC2;SRC;CAP1;PARVA;ALOX15B;AKT3;VCL;NLGN2;CTNNA1;MYH9;MAPK13;SIRPA;TJP1;GNAI2;ACTG1;RAC2;ADAM15;SHC1;ITGA9;LIMA1;MAP3K20;CLDN7;B4GALT1;CDH4;MYL12B;COL16A1;VCAN;SHROOM2;EXOC4;CX3CL1;ADRA1B;CRB3;CD86;PBX2;WASL;DHX16;EPB41L2;PTK2;CADM3;MAPK14;NF1;CLDN9;ADAM9;MMP2;VAV2;JUP;PIK3CB;CNN2;CDH15;SYMPK;CLDN6;MPZL1;ACTB;LAMA3;TIAL1;RSU1;NECTIN2;PTEN;TGFBI;PTPRC;RRAS;SLC30A3;GTF2F1;FBN1;STX4;INSIG1;PLCG1;CDH1;PKD1;CTNND1
HALLMARK_INFLAMMATORY_RESPONSE,7.42282066586468e-15,5.19597446610528e-14,0.986546283587582,0.572360065425347,1.83268990875259,189,PTPRE;AHR;ITGB8;ICAM1;MET;SGMS2;CD55;LDLR;OSMR;LYN;RIPK2;PLAUR;LY6E;IL4R;HRH1;CHST2;HIF1A;DCBLD2;IRAK2;NAMPT;TNFSF15;LIF;TIMP1;MYC;INHBA;KCNJ2;HBEGF;RELA;CXCL8;ABI1;MMP14;CLEC5A;TNFRSF1B;ABCA1;SCN1B;EBI3;TPBG;TNFSF9;SPHK1;IL1R1;PTGER4;EREG;SLC7A2;LAMP3;PTAFR;ATP2B1;P2RY2;PSEN1;FPR1;HAS2;KLF6;CCL20;IL18R1;KIF1B;GNA15;SELL;TNFAIP6;IFNAR1;ATP2C1;NFKB1;IFNGR2;MARCO;CD40;EMP3;EIF2AK2;NMI;NLRP3;AQP9;BEST1;CD82;CX3CL1;CSF1;CCL17;GNAI3;RHOG;C5AR1;SERPINE1;CCL22;OLR1;SLC7A1;ACVR2A;CYBB;PTGER2;IL2RB;CD70;MSR1;IL18;RASGRP1;GCH1;F3;ADORA2B;P2RX7;OSM;EDN1;HPN;CDKN1A;IL7R;IL15RA;RAF1;PIK3R5;IL6;NOD2;RGS1;GPR183;PVR;GABBR1;C3AR1;CD69;ICOSLG;TLR1;TLR2;CCL7;ITGB3;IFITM1;PDPN;CMKLR1;CCL2;SRI
HALLMARK_MYC_TARGETS_V1,6.57041281037112e-14,4.02437784635231e-13,0.954541630725724,0.549751996977651,1.7630083993797,198,RAD23B;MCM4;CBX3;PABPC1;MYC;PRPS2;MCM6;KPNA2;UBA2;CAD;NAP1L1;PABPC4;CDK2;HNRNPA1;ODC1;MCM5;RRM1;MCM2;EEF1B2;SMARCC1;HNRNPC;SRPK1;LDHA;EPRS1;NPM1;CTPS1;HDAC2;AP3S1;USP1;MCM7;SF3B3;DDX21;RRP9;HSP90AB1;SET;ABCE1;G3BP1;MRPL9;IMPDH2;GNL3;CSTF2;EIF3D;APEX1;XRCC6;EIF2S2;TCP1;HDGF;HNRNPU;PSMD1;HNRNPR;DHX15;RAN;SF3A1;YWHAQ;RPLP0;DDX18;RFC4;CCT4;UBE2E1;PCNA;SERBP1;CCT2;MAD2L1;CNBP;CCNA2;VBP1;BUB3;SNRPD1;NCBP2;PSMC6;CDC45;XPO1;ILF2;PTGES3;RANBP1;CUL1;KPNB1;SSB;HSPD1;POLE3;IARS1;CDK4;RSL1D1;CCT5;RACK1;PWP1;CCT7;RPS2;PSMD14;DEK;PSMD7;ETF1;VDAC1;NCBP1;EIF4G2;PPM1G;SRSF7;RPS5;HNRNPD;KARS1;CCT3;SRSF3;FAM120A;PSMB2;EIF4H;HNRNPA2B1;RPL14;RPS3;RNPS1;EIF3B;GSPT1;SRM;EIF2S1;EIF3J;SNRPB2;HPRT1;EIF4A1;PSMD8;EIF1AX;SYNCRIP;TRA2B
HALLMARK_EPITHELIAL_MESENCHYMAL_TRANSITION,4.67237182655084e-13,2.54384688334435e-12,0.921426003494898,0.551444920561927,1.76532106519031,188,QSOX1;SDC4;FLNA;TNC;COL8A2;FAS;SLIT2;PDLIM4;DST;ITGA2;FSTL3;TNFRSF12A;PLAUR;NOTCH2;FGF2;CDH6;BMP1;LAMA1;CDH11;TIMP1;LOX;TPM4;BASP1;AREG;INHBA;LAMC1;LRP1;NT5E;MXRA5;GADD45A;TGM2;CXCL8;MMP14;CRLF1;PMEPA1;COMP;CADM1;FBN2;PRSS2;LGALS1;BDNF;LOXL1;CALD1;MCM7;COLGALT1;ITGAV;WNT5A;CALU;SERPINH1;FERMT2;WIPF1;COL7A1;RGS4;CTHRC1;CD59;TGFB1;COL16A1;VCAN;THBS1;SGCB;FUCA1;FSTL1;FAP;EMP3;ITGB5;THBS2;FBLN2;SPARC;DPYSL3;COL3A1;SERPINE1;SPOCK1;NID2;COL12A1;NNMT;CXCL1;ANPEP;OXTR;GJA1;COL5A1;SAT1;MMP2;TPM1;P3H1;IL6;MATN3;COPA;LAMA3;COL6A3;PLOD2;PVR;ADAM12;FOXC2;TGFBI;ID2;SPP1;GEM;SFRP4;FBN1;COL5A2;CAPG;GLIPR1;ITGB3;COL11A1;TNFAIP3;SLIT3;SERPINE2;IGFBP2;VCAM1;POSTN;SNTB1;LOXL2;EFEMP2;MMP1;COL6A2;CCN2;DAB2
HALLMARK_P53_PATHWAY,7.02421245721691e-12,3.44186410403629e-11,0.887074988399873,0.534718258923787,1.71456942403317,196,PTPRE;DRAM1;FAS;EPHA2;ITGB4;TSC22D1;TGFA;PLK3;ZFP36L1;PERP;INHBB;VWA5A;RAP2B;ZMAT3;BAIAP2;UPP1;PTPN14;CDKN2B;MAPKAPK3;LIF;TM4SF1;S100A10;SFN;PLXNB2;GADD45A;ALOX15B;HBEGF;CSRNP2;TPD52L1;DDB2;ST14;S100A4;PRMT2;CCND3;SLC3A2;IER3;POLH;KRT17;KLF4;TNFSF9;SPHK1;XPC;KIF13B;DGKA;TNNI1;STOM;TP63;ZNF365;TP53;APAF1;FOXO3;TAP1;TGFB1;SP1;FUCA1;EI24;RNF19B;PLK2;CDK5R1;CD82;HEXIM1;PCNA;CCND2;DDIT4;PPM1D;IER5;CCNG1;TM7SF3;HMOX1;DNTTIP2;PHLDA3;CCNK;PPP1R15A;BTG1;ATF3;SAT1;PDGFA;RACK1;BAX;CDKN2AIP;CDKN1A;RPS12;APP;PMM1;VDR;NDRG1;EPS8L2;ERCC5;NOL8;GLS2;F2R;CDKN2A;CCP110;PROCR;CYFIP2;TCN2;PRKAB1;POM121;RHBDF2;ABHD4;NUDT15;ELP1;TRAFD1;RB1;IP6K2;MKNK2;TSPYL2;WRAP73;TRAF4;CTSF;SEC61A1;IL1A;MDM2;TAX1BP3;VAMP8;SLC19A2;SERPINB5;TXNIP;ANKRA2;JAG2;CTSD
HALLMARK_KRAS_SIGNALING_UP,3.61355500064105e-11,1.60967450028556e-10,0.851339057116899,0.535029777568757,1.71207815630625,185,KCNN4;MPZL2;ITGA2;EMP1;PLAUR;VWA5A;CSF2;DCBLD2;CFH;PTGS2;ANKH;LIF;PLAU;AMMECR1;INHBA;MAP3K1;TMEM100;HBEGF;ERO1A;STRN;GPRC5B;TNFRSF1B;CBL;SLPI;G0S2;NIN;SCN1B;ETV1;FGF9;PRDM1;KLF4;SNAP25;CTSS;EREG;F2RL1;CFB;SPON1;CCL20;MALL;AVL9;FUCA1;IL1RL2;BIRC3;YRDC;TOR1AIP2;ADAM17;TRIB2;TSPAN13;ANGPTL4;ITGB2;ETS1;CCND2;LCP1;ALDH1A3;PSMB8;BPGM;MMP11;CPE;GPNMB;ZNF277;TMEM158;SATB1;GALNT3;EVI5;HSD11B1;APOD;CSF2RA;PPP1R15A;GUCY1A1;USP12;TRIB1;ITGBL1;FCER1G;SOX9;JUP;MAP4K1;LAT2;IL7R;RBP4;ADAM8;WDR33;PPBP;RETN;LAPTM5;C3AR1;MAP7;SCG5;NRP1;ID2;TMEM176B;WNT7A;SPP1;F13A1;DOCK2;SEMA3B;BTC;TMEM176A;CMKLR1;ADGRA2;LY96;TNFAIP3;CLEC4A;MMP10;ANO1;RABGAP1L;CCSER2;MMP9;ZNF639;TLR8
HALLMARK_ESTROGEN_RESPONSE_EARLY,4.92314849097386e-11,2.01028563381433e-10,0.851339057116899,0.527427075266817,1.69038116770133,193,ENDOD1;NRIP1;SYT12;TIPARP;PRSS23;ALDH3B1;UGCG;ELF3;KRT15;KLK10;INHBB;SLC2A1;BHLHE40;SVIL;SIAH2;RBBP8;TIAM1;RAB31;PMAIP1;TFAP2C;SFN;MYC;AREG;GAB2;DLC1;NAV2;TGM2;INPP5F;DHRS3;RARA;LAD1;TPD52L1;SEC14L2;SLC39A6;FARP1;MUC1;CANT1;DYNLT3;KRT13;TPBG;IGF1R;MREG;SLC26A2;KLF4;THSD4;OPN3;IL6ST;CHPT1;NBL1;SCNN1A;SLC7A2;CELSR1;SNX24;CLDN7;CELSR2;MYOF;P2RY2;B4GALT1;RPS6KA2;RHOBTB3;MYBBP1A;SLC27A2;SULT2B1;MICB;SLC16A1;ABHD2;RAPGEFL1;PLAAT3;KCNK15;ELF1;NCOR2;TSKU;ITPK1;RASGRP1;AQP3;ELOVL5;NPY1R;KLF10;PGR;KAZN;GJA1;SLC37A1;KCNK5;ESRP2;RET;FLNB;JAK2;EGR3;SLC1A4;ABLIM1;SLC22A5;FKBP5;GREB1;RRP12;MYBL1;IL17RB;SEMA3B;MED24;KRT18;ZNF185;ISG20L2;DHCR7
HALLMARK_APOPTOSIS,7.16531273842673e-11,2.70077172448392e-10,0.839088935621274,0.549783859543749,1.74477599227045,154,BID;ANXA1;FAS;LGALS3;TNFRSF12A;EMP1;PEA15;CCNA1;IGF2R;ERBB3;GSN;PMAIP1;LMNA;ROCK1;SLC20A1;BCL2L1;IFNGR1;ANKH;BTG3;TIMP1;TIMP2;MCL1;CLU;CFLAR;BCL10;GADD45A;RELA;CTNNB1;RARA;CDK2;CASP8;CDC25B;CASP3;CAV1;IGFBP6;DNAJA1;TGFB2;SPTAN1;PPT1;IER3;ERBB2;NEDD9;EREG;DPYD;TOP2A;ADD1;WEE1;PSEN1;TAP1;PLPPR4;XIAP;GNA15;CASP7;BIRC3;SC5D;CASP6;CCND2;DAP3;SATB1;HMOX1;CASP2;IL18;PTK2;GCH1;BNIP3L;ATF3;SAT1;MMP2;BAX;CREBBP;CDKN1A;ETF1;APP;HMGB2;IL6;EGR3;F2R;GSR;CD69;DFFA;SQSTM1;SOD2;BCL2L11;KRT18;PPP3R1;TSPO;CYLD;IL1A;PDCD4;DNM1L;MADD;DAP;TXNIP;PLCB2
HALLMARK_ALLOGRAFT_REJECTION,1.61469151182542e-09,5.65142029138897e-09,0.788186810800237,0.509404864859279,1.63168909516713,191,ICAM1;FLNA;FAS;LYN;RIPK2;EGFR;ELF4;INHBB;IL4R;CD47;ST8SIA4;STAT1;HIF1A;CCL13;DEGS1;IFNGR1;LIF;TIMP1;UBE2D1;INHBA;BCL10;ABI1;CCR1;TGFB2;MAP3K7;GBP2;CCND3;BCAT1;STAT4;NPM1;HLA-G;CTSS;SOCS5;EREG;ABCE1;WARS1;TAP1;EIF3D;TGFB1;EIF3A;IFNGR2;IL2RA;CD40;NLRP3;BCL3;RARS1;ITGB2;ETS1;IFNAR2;FGR;IL27RA;CCND2;CSF1;CCL22;IGSF6;LY75;ACVR2A;CD86;IL2RB;HLA-DRA;IL18;HLA-DQA1;GALNT1;CSK;APBB1;IL7;MAP4K1;SPI1;AKT1;HLA-DOA;RPS9;B2M;IL6;JAK2;CD4;F2R;LY86;PTPRC;CDKN2A;ICOSLG;NCF4;TLR1;TLR2;TAP2;CAPG;MRPL3;HLA-A;SRGN;CCL7;EIF3J;FCGR2B;CD74;CCL2;IL11;NCK1;UBE2N;IRF7;HLA-E;PSMB10;GCNT1;IKBKB;MMP9;TLR6;LCP2;PTPN6;CCR2;CD80
HALLMARK_INTERFERON_ALPHA_RESPONSE,2.89622887774088e-09,9.46101433395353e-09,0.774939030136436,0.583435297839862,1.81269992225301,96,RIPK2;PARP14;LY6E;IL4R;CD47;PARP9;DDX60;NCOA7;PLSCR1;TRIM14;SP110;SAMD9;TENT5A;HERC6;IFIT2;CASP8;GBP2;ADAR;IFIH1;NUB1;TRIM21;LAMP3;STAT2;IFIT3;SAMD9L;WARS1;RSAD2;TAP1;HELZ2;CNP;SELL;UBE2L6;EIF2AK2;NMI;EPSTI1;PARP12;TDRD7;CSF1;MOV10;PSMB8;ELF1;HLA-C;CMPK2;IL7;LAP3;IFI44;MX1;OASL;B2M;OAS1;CMTR1;TRIM5;PNPT1;USP18;PROCR;IRF2;TMEM140;LPAR6;IFITM1;PSME1;CD74;TRAFD1;TRIM26;IRF7;PSMB9;IRF9;TXNIP;UBA7;C1S;PSMA3;IRF1;DHX58
HALLMARK_COMPLEMENT,7.16850508096548e-09,2.19535468104568e-08,0.761460801445585,0.503973948357054,1.61310564060036,187,DOCK9;CD55;SPOCK2;CTSH;CTSC;LGALS3;DPP4;LYN;FYN;SERPINA1;PLAUR;MAFF;PIK3CA;CFH;DGKH;TMPRSS6;TIMP1;TIMP2;PLSCR1;SRC;LRP1;CLU;RABIF;C3;ANXA5;MMP14;DYRK2;HPCAL4;CASP3;KIF2A;PDP1;GPD2;PLA2G4A;GNAI2;CTSS;PREP;RCE1;ITGAM;CFB;LAMP2;USP14;GMFB;LIPA;RBSN;PSEN1;CD59;CASP7;GNB4;PRDM4;SERPING1;CDK5R1;BRPF3;GATA3;GNAI3;RHOG;SERPINE1;LTA4H;OLR1;VCPIP1;S100A9;PPP2CB;APOC1;USP15;RASGRP1;MMP12;CXCL1;F3;ADAM9;GRB2;DOCK4;CD46;FCER1G;F5;LAP3;RAF1;PPP4C;CEBPB;PIK3R5;PRSS3;IL6;JAK2;CALM1;SERPINB2;CTSO;GCA;PLEK;RNF4;XPNPEP1;SH2B3;CP;CASP10;IRF2;GNB2;USP8;STX4;CPM;FCN1
HALLMARK_ESTROGEN_RESPONSE_LATE,1.67441509066453e-08,4.82625526132718e-08,0.73376198835648,0.497908591005771,1.59369181536692,187,NRIP1;PRSS23;GJB3;ALDH3B1;EMP2;SERPINA1;PERP;KLK10;CCNA1;LSR;SIAH2;RBBP8;TIAM1;RAB31;GALE;PLK4;TFAP2C;NAB2;BTG3;SFN;AREG;MDK;JAK1;ATP2B4;TPD52L1;CXCL14;FARP1;ST14;CAV1;MAPK13;KLK11;DYNLT3;KRT13;TPBG;SLC26A2;KLF4;TRIM29;OPN3;IL6ST;UGDH;PLXNB1;CHPT1;NBL1;SCNN1A;TOP2A;CELSR2;MYOF;RPS6KA2;DUSP2;CD9;SLC27A2;SULT2B1;MICB;SLC16A1;TSPAN13;ABHD2;STIL;IGSF1;RAPGEFL1;GFUS;PLAAT3;NCOR2;CPE;S100A9;SLC29A1;LARGE1;ITPK1;AGR2;ELOVL5;NPY1R;PGR;RABEP1;KCNK5;KIF20A;RET;NMU;CDC6;TPSAB1;FLNB;JAK2;EGR3;SLC1A4;ALDH3A2;SLC22A5;FKBP5;ID2;SNX10;PKP3;IL17RB;SEMA3B;FGFR3;HPRT1;CDH1;DHCR7;ZFP36;HR;TH;PDCD4;AMFR;AFF1;PRKAR2B;ASS1;PTPN6;MYB;HOMER2
HALLMARK_IL2_STAT5_SIGNALING,1.95996895050264e-08,5.33547103192386e-08,0.73376198835648,0.502859521218169,1.61015001871562,189,AHR;TNFRSF21;AHNAK;CDCP1;EMP1;MAFF;IL4R;BHLHE40;IGF2R;TIAM1;CSF2;BCL2L1;IFNGR1;PLIN2;PLEC;SLC2A3;LIF;MYC;PLSCR1;NT5E;PRNP;WLS;TGM2;MYO1E;SNX9;DHRS3;TTC39B;TNFRSF1B;ODC1;MAPKAPK2;MUC1;CASP3;GUCY1B1;IL1RL1;ANXA4;PNP;IGF1R;SPRED2;IKZF2;CCND3;HIPK2;SYT11;SYNGR2;SHE;TNFSF11;ITGAV;CYFIP1;SNX14;BATF3;MYO1C;KLF6;ALCAM;IL18R1;IL1R2;BMPR2;SELL;IL2RA;IKZF4;TNFRSF8;CCND2;CSF1;HK2;NFKBIZ;RNH1;SELP;PTGER2;CD86;IL2RB;PHTF2;HUWE1;SWAP70;NCOA3;P4HA1;DENND5A;SH3BGRL2;NFIL3;TWSG1;CDC6;SMPDL3A;TNFRSF18
HALLMARK_MTORC1_SIGNALING,3.26101683142881e-08,8.40999077579008e-08,0.719512826338911,0.494256887745672,1.58293239364205,190,LDLR;SLC6A6;CTSC;EDEM1;SCD;SLC2A1;BHLHE40;MCM4;NAMPT;SLC2A3;NIBAN1;SKAP2;IGFBP5;ERO1A;SRD5A1;IDH1;SYTL2;MCM2;GSK3B;ACTR3;PNP;LDHA;BCAT1;EPRS1;RIT1;NUP205;RRP9;AK4;ELOVL6;SERPINH1;WARS1;BUB1;ACTR2;TES;CD9;ARPC5L;EIF2S2;SC5D;TBK1;CCT6A;ITGB2;RRM2;HK2;PPA1;ENO1;DDIT4;LTA4H;MAP2K3;HSPA4;PITPNB;ACLY;PSMC6;PNO1;TUBA4A;CCNG1;RPA1;M6PR;PPP1R15A;ELOVL5;HSPD1;PGM1;CACYBP;P4HA1;PFKL;CYP51A1;GMPS;MLLT11;PSMD14;PSME3;STIP1;CDKN1A;NFIL3;SLC37A4;ETF1;MTHFD2L;NUFIP1;UBE2D3;SEC11A;SLC1A4;CORO1A;PLOD2;DAPP1;GSR;PSMD12;NMT1;UFM1;FGL2;EGLN3;SQSTM1;CYB5B;INSIG1;HPRT1;DHCR7;TCEA1;DHCR24;USO1;PSMC2
HALLMARK_IL6_JAK_STAT3_SIGNALING,4.52181487730595e-08,1.10784464493996e-07,0.719512826338911,0.588466110246907,1.81247317333357,83,TNFRSF21;FAS;TNFRSF1A;OSMR;TNFRSF12A;IL4R;STAT1;IL13RA1;CSF2;IFNGR1;MYD88;CRLF2;STAT3;PDGFC;TNFRSF1B;CBL;CCR1;EBI3;LEPR;IL6ST;IL1R1;STAT2;CXCL3;PTPN2;IL18R1;TGFB1;CD9;IL1R2;IFNAR1;IFNGR2;IL2RA;IL17RA;CSF1;CSF2RB;PTPN1;HMOX1;CSF2RA;PTPN11;CXCL1;GRB2;TYK2;IL7;IL15RA;PIK3R5;IL6;STAM2;SOCS3;TLR2;ITGA4;IL17RB;CCL7;ITGB3
HALLMARK_GLYCOLYSIS,9.38562094622765e-08,2.18997822078645e-07,0.704975715167238,0.491995061402005,1.5745227530061,186,QSOX1;SDC3;PKP2;MET;PAM;DSC2;ELF3;TGFA;EGFR;B3GNT3;CHST2;IL13RA1;HS2ST1;GALE;FUT8;GLCE;PKM;PC;NT5E;AGRN;ERO1A;PDK3;IDH1;KIF2A;CHPF2;PYGB;TPBG;IER3;LDHA;P4HA2;MERTK;IRS2;AK4;ECD;STMN1;B4GALT1;VCAN;EXT2;PHKA2;CAPN5;B3GAT1;ARPP19;PYGL;CASP6;RARS1;ANGPTL4;GFUS;HK2;B4GALT4;ZNF292;ENO1;DDIT4;KDELR3;COPB2;PPP2CB;HMMR;RPE;SLC16A3;BPNT1;CLDN9;PMM2;RBCK1;P4HA1;COL5A1;ADORA2B;PGM2;GNPDA1;SOX9;KIF20A;SLC37A4;GPC4;NASP;HDLBP;PLOD2;NDST3;AK3;TGFBI;ME2;B4GALT2;EGLN3;CENPA;MED24;GFPT1;ANG;SLC35A3;PGAM1
HALLMARK_HYPOXIA,1.16978459865085e-07,2.60542933335871e-07,0.704975715167238,0.49059213471783,1.57003299252204,186,SDC4;SDC3;TIPARP;PFKFB3;SLC6A6;PAM;ANXA2;EGFR;PLAUR;MAFF;SLC2A1;BHLHE40;CHST2;SIAH2;FOSL2;PLIN2;CAVIN1;SLC2A3;IDS;LOX;MAP3K1;TGM2;ERO1A;PDK3;MYH9;CAV1;S100A4;TPBG;PKP1;IER3;LDHA;P4HA2;IRS2;AK4;CCNG2;ERRFI1;HS3ST1;KLF6;FOXO3;TES;KLF7;NEDD4L;KDM3A;SULT2B1;STBD1;CASP6;ANGPTL4;ETS1;HK2;SERPINE1;ZNF292;ENO1;DDIT4;RBPJ;KDELR3;LARGE1;EFNA1;HMOX1;PPP1R15A;PGM1;BTG1;F3;SRPX;P4HA1;BNIP3L;PFKL;COL5A1;ATF3;ADORA2B;PGM2;CDKN1A;NFIL3;SLC37A4;ATP7A;WSB1;GPC4;IL6;NDRG1;HDLBP;CHST3;TGFB3;TGFBI;XPNPEP1;ALDOC;NDST1
HALLMARK_UV_RESPONSE_DN,2.01285456690623e-07,4.2882553816698e-07,0.690132458796796,0.514033516944559,1.62518834638715,139,RUNX1;RND3;MET;LDLR;MMP16;FYN;ANXA2;NOTCH2;BHLHE40;SIPA1L1;PIAS3;MYC;LAMC1;DLC1;IGFBP5;ATP2B4;AKT3;SYNJ2;CELF2;LTBP1;CAV1;ANXA4;IGF1R;TJP1;BDNF;RASA2;ERBB2;CDC42BPA;ATP2B1;PIK3CD;HAS2;RGS4;SMAD3;PTPRM;NEK7;ATP2C1;NFKB1;PHF3;ZMIZ1;TENT4A;COL3A1;SERPINE1;ATRX;SLC7A1;ACVR2A;CDK13;MIOS;DDAH1;MAPK14;F3;SCAF8;GJA1;ADORA2B;VAV2;ATXN1;RBPMS;NFIB;NIPBL;MAP1B;SCN8A;YTHDC1;AGGF1;PRDM2;PTEN;NRP1;AMPH;COL5A2;NR1D2;ITGB3;INSIG1;DYRK1A;SRI;COL11A1;INPP4B;KCNMA1;MTA1;ABCC1;PRKAR2B;GCNT1;PDLIM5
HALLMARK_PROTEIN_SECRETION,1.01902452111359e-06,2.08050839727357e-06,0.643551836150722,0.541441593729489,1.6809082814501,95,CTSC;STAM;PAM;DST;EGFR;SGMS1;IGF2R;SCRN1;VAMP4;ABCA1;RPS6KA3;MAPK1;CAV2;VAMP3;PPT1;ARFGEF1;AP3S1;ZW10;LAMP2;RAB14;AP2M1;SSPN;ARCN1;KIF1B;ANP32E;ADAM10;SNAP23;VPS4B;GBF1;NAPG;ARFIP1;COPB1;SEC24D;COPB2;AP2B1;STX7;M6PR;SCAMP1;RAB5A;CLTA;DOP1A;LMAN1;TSG101;ATP7A;CLTC;AP1G1;VAMP7;ARFGEF2;RER1;SNX2;RAB22A;RAB9A;TMX1;KRT18;CLCN3;SEC22B;USO1;DNM1L;CD63;STX16;ATP1A1;SCAMP3;TPD52;ICA1;AP3B1;SEC31A;RAB2A;GOLGA4;TMED2
HALLMARK_ANDROGEN_RESPONSE,1.60147329325914e-06,3.13888765478792e-06,0.643551836150722,0.530720301750798,1.64972852354215,97,ACTN1;TSC22D1;SCD;PTK2B;ANKH;ARID5B;UAP1;PMEPA1;UBE2I;RPS6KA3;MYL12A;XRCC5;CCND3;SLC38A2;ELK4;SLC26A2;ZBTB10;STK39;MERTK;ADAMTS1;NGLY1;ITGAV;B4GALT1;XRCC6;STEAP4;ZMIZ1;ABHD2;CENPN;ALDH1A3;GNAI3;UBE2J1;MAF;SEC24D;ELOVL5;GUCY1A1;VAPA;PGM3;LMAN1;SAT1;NCOA4;AKT1;B2M;TMEM50A;NDRG1;TMPRSS2;MAP7;FKBP5;SELENOP;GSR;RRP12;INSIG1;SMS;INPP4B;DHCR24
HALLMARK_COAGULATION,2.63301269295487e-06,4.96221622903033e-06,0.627256739718528,0.513578737931895,1.60971794421252,114,PROS1;ANXA1;PRSS23;CTSH;ITGA2;DPP4;FYN;SERPINA1;MAFF;GSN;CFH;BMP1;TMPRSS6;PLAU;TIMP1;LRP1;CLU;RABIF;C3;CAPN2;MMP14;WDR1;COMP;PROC;GNG12;CFI;PREP;CFB;LAMP2;RAC1;CD9;KLF7;THBS1;CAPN5;MMP7;SERPING1;SPARC;SERPINE1;LTA4H;OLR1;MMP11;CTSK;APOC1;F3;CTSE;ADAM9;MMP2;HPN
HALLMARK_TGF_BETA_SIGNALING,7.21460540187628e-06,1.30931727663681e-05,0.610526878385931,0.593374565354338,1.76492319065946,53,TGFBR1;ACVR1;TGIF1;RAB31;SLC20A1;SMURF1;SKIL;SMURF2;CTNNB1;PMEPA1;LTBP2;MAP3K7;TJP1;HIPK2;SMAD3;RHOA;TGFB1;BMPR2;XIAP;THBS1;IFNGR2;SKI;ARID4B;SERPINE1;NCOR2;PPP1R15A;KLF10;TRIM33;CDK9;UBE2D3;PPM1A;JUNB
HALLMARK_DNA_REPAIR,2.52722034009008e-05,4.42263559515764e-05,0.575610261071129,0.470279298109745,1.48980762387863,147,POLR3C;STX3;DDB2;POLD1;CANT1;RFC3;POLR2D;PNP;POLA1;ELL;POLH;RAD51;XPC;RALA;POLD3;IMPDH2;TP53;GTF2B;RNMT;NUDT21;ADCY6;LIG1;AGO4;RFC4;PRIM1;PCNA;ERCC3;GTF2H3;SF3A3;NCBP2;RFC2;GSDME;NFX1;EIF1B;DDB1;REV3L;DGCR8;SUPT5H;TSG101;CMPK2;TAF12;DCTN4;NELFB;POLR2A;TAF6;TK2;SSRP1;ERCC5;TAF13;CSTF3;POLD4;RRM2B;AK3;FEN1;GTF2F1;POM121;ERCC4;TAF9;HPRT1;NT5C3A;POLR1D;RAD52;ZNF707;CLP1;ARL6IP1;SEC61A1;MPG;BRF2;POLR2E;RPA2;UMPS;ERCC1;POLR2C;SRSF6;HCLS1;GPX4;TMED2;POLB;SNAPC4;SMAD5;ZWINT;ADRM1
HALLMARK_PI3K_AKT_MTOR_SIGNALING,4.18390492387195e-05,7.06935659550778e-05,0.557332238758646,0.498422420604013,1.55203599240336,100,NOD1;TNFRSF1A;EGFR;SLC2A1;TIAM1;SFN;MYD88;CDK2;MAP3K7;RPS6KA3;GSK3B;ACTR3;MAPK1;ITPR2;RIT1;ATF1;STAT2;CAB39;GRK2;ACTR2;YWHAB;AP2M1;RAC1;RALB;TBK1;MAP2K3;PIKFYVE;PTPN11;ARHGDIA;CDK4;GRB2;CDKN1A;RAF1;AKT1;CLTC;IRAK4;DUSP3;UBE2D3;PTEN;DAPP1;MKNK1;SQSTM1;PLCG1;RPTOR;MKNK2;NCK1;UBE2N;RIPK1;MAPK9;CFL1;E2F1;CDK1;PPP2R1B;PRKAG1;ARPC3;PPP1CA;SMAD2;EIF4E;PLA2G12A;PDK1;PLCB1;LCK;PFN1;CDKN1B
HALLMARK_CHOLESTEROL_HOMEOSTASIS,6.5052717827098e-05,0.000106252772450927,0.538434096309916,0.530814045765517,1.61890357607055,72,CXCL16;LDLR;LGALS3;SCD;TNFRSF12A;PLAUR;ETHE1;NIBAN1;PLSCR1;CLU;CTNNB1;S100A11;PDK3;ANXA5;MAL2;ACTG1;LPL;ERRFI1;ALCAM;CD9;SC5D;JAG1;TP53INP1;SREBF2;FDPS;CYP51A1;ATF3;NFIL3;ATXN2;CPEB2
HALLMARK_HEME_METABOLISM,9.41933062919942e-05,0.000148886193816378,0.538434096309916,0.445124301853336,1.42308073074814,182,ENDOD1;MBOAT2;SLC22A4;SLC2A1;BACH1;TRAK2;PC;PICALM;CAST;OPTN;LPIN2;SLC25A37;C3;XPO7;RIOK3;VEZF1;CCND3;RCL1;TOP1;MFHAS1;P4HA2;LRP10;ADD1;KDM7A;KHNYN;LAMP2;IGSF3;ERMAP;FOXO3;EZH1;ACP5;NEK7;HDGF;CAT;YPEL5;ARHGEF12;FOXJ2;BPGM;RBM38;MAP2K3;GDE1;RNF19A;SLC30A1;USP15;MOSPD1;BLVRA;AQP3;RNF123;CTSE;BMP2K;GCLM;BNIP3L;CTNS;MOCOS;GMPS;PDZK1IP1;UCP2;NCOA4;ADIPOR1;FBXO34;MKRN1;MINPP1;ACKR1;KLF3;HTRA2;BTRC;SEC14L1;FBXO7;TNRC6B;TCEA1;CLCN3;RAD23A;DCAF10;TMEM9B;CDC27;TSPO2;DCAF11;GAPVD1;RBM5;MARCHF8;DAAM1;BTG2;TFDP2;SIDT2;SLC11A2;CIR1;NUDT4;EIF2AK1;SLC7A11;NARF;E2F2;NR3C1;SLC6A9;NFE2L1;SYNJ1;TFRC;ASNS
HALLMARK_UNFOLDED_PROTEIN_RESPONSE,0.000209805987864985,0.000321265418918258,0.518848077743792,0.47446217737659,1.48405176555004,109,EDEM1;BAG3;YWHAZ;ERO1A;EXOSC10;KIF5B;NABP1;CKS1B;NPM1;SHC1;EIF4G1;NFYA;RRP9;KHSRP;CNOT6;EIF4A2;EEF2;EIF4A3;PAIP1;EXOSC9;NOP14;ATF6;DDX10;DDIT4;DCP2;KDELR3;DKC1;SDAD1;IARS1;ERN1;DCTN1;ATF3;DCP1A;NFYB;MTREX;EDC4;SLC30A5;CEBPB;TARS1;SEC11A;CNOT2;SLC1A4;EXOC2;IFIT1;EIF2S1;EXOSC2;PARN;CCL2;FUS;EIF4A1;TUBB2A;TSPYL2;DNAJA4;LSM1;NHP2;FKBP14;GEMIN4;SSR1;SERP1;NOP56;SEC31A;H2AX;EIF4E
HALLMARK_ANGIOGENESIS,0.000410807567930775,0.000609986994806303,0.49849310876659,0.595536985629399,1.67823927279577,32,TNFRSF21;TIMP1;S100A4;LPL;ITGAV;VCAN;FSTL1;CCND2;JAG1;COL3A1;OLR1;PTK2;PDGFA;VAV2;APP;NRP1;SPP1;COL5A2
HALLMARK_MYC_TARGETS_V2,0.00058568972504772,0.000844082250804067,0.477270815362862,0.529806909386621,1.5842602992948,56,PPRC1;MCM4;CBX3;PLK4;MAP3K6;MYC;MCM5;RCL1;NPM1;RRP9;GNL3;WDR43;DUSP2;UTP20;MYBBP1A;TCOF1;WDR74;DDX18;HK2;NIP7;HSPD1;CDK4;PES1;MPHOSPH10;RRP12;GRWD1;MRTO4;SRM;PPAN;BYSL;LAS1L
HALLMARK_UV_RESPONSE_UP,0.000609127365975326,0.000852778312365457,0.477270815362862,0.444138947992828,1.40648314012505,146,BID;ICAM1;LYN;RAB27A;NPTXR;CDKN2B;GLS;BTG3;CXCL2;MMP14;CDK2;CDO1;SLC6A12;HYAL2;CASP3;DNAJA1;CCND3;PPT1;IL6ST;AGO2;CDC5L;DDX21;NXF1;HSPA13;TAP1;CNP;DLG4;HNRNPU;FGF18;DNAJB1;WIZ;RFC4;EIF2S3;TYRO3;STARD3;TUBA4A;HMOX1;NUP58;RASGRP1;AQP3;PTPRD;GCH1;POLE3;BTG1;GGH;PARP2;ATF3;PPP1R2;STIP1;RET;ARRB2;TARS1;IL6;PPAT;JUNB;MARK2;FEN1;SQSTM1;CYB5B;SOD2;BCL2L11;E2F5;ATP6V1C1;PRKCD;IGFBP2;SHOX2;CLCN2
HALLMARK_PEROXISOME,0.000985535921388695,0.00134142389300128,0.45505986738723,0.469822085083039,1.46217703429845,99,MVP;PABPC1;YWHAH;STS;ISOC1;BCL10;CDK7;DHRS3;ACSL4;IDH1;CADM1;SMARCC1;ACSL5;SLC25A19;CTPS1;MSH2;TOP2A;ITGB1BP1;DLG4;SEMA3C;SLC27A2;CAT;SULT2B1;VPS4B;SLC35B2;RXRG;ABCD3;CLN8;IDE;CNBP;ERCC3;FDPS;ELOVL5;LONP2;ATXN1;PEX13;HSD17B11;ACOX1;CTBP1;SOD2;CRABP2;TSPO;DHCR24;PEX5;PEX14;GNPAT;ABCB9;SIAH1;ERCC1;NR1I2;HSD3B7;CLN6;ABCC5
HALLMARK_WNT_BETA_CATENIN_SIGNALING,0.00203852818265213,0.00269967245810687,0.326351610990907,0.549212682047454,1.58514042141917,39,MYC;CTNNB1;CSNK1E;MAML1;AXIN1;TCF7;HDAC2;HEY2;TP53;NCSTN;DVL2;ADAM17;CCND2;JAG1;NCOR2;RBPJ;CUL1
HALLMARK_MYOGENESIS,0.0020997900209979,0.00270762397444466,0.318279675040437,0.423408219465544,1.34938267409755,169,FLII;EPHB3;ITGB4;CNN3;SCD;RYR1;BHLHE40;SVIL;ERBB3;FGF2;GSN;DMD;TPM3;KLF5;PC;PRNP;CLU;PLXNB2;HBEGF;NAV2;AGRN;PDE4DIP;PDLIM7;TPD52L1;MYH9;SPTAN1;SPHK1;SYNGR2;RIT1;DAPK2;TNNI1;ITGA7;MYO1C;TGFB1;SSPN;EIF4A2;CTF1;ITGB5;SPARC;COL3A1;LARGE1;AEBP1;APOD;FDPS;MEF2D;MYBPH;LPIN1;CDKN1A;APP;FOXO4;COL6A3;DENND2B;MEF2A;ABLIM1;SORBS1;ADAM12;PTP4A3
HALLMARK_HEDGEHOG_SIGNALING,0.00707619731309609,0.00889060688055663,0.173713219262156,0.540081771877627,1.53413796886701,34,AMOT;RASA1;NRP2;NRCAM;MYH9;HEY2;CELSR1;ETS2;CRMP1;UNC5C;CDK5R1;DPYSL2;PML;NF1;LDB1
HALLMARK_KRAS_SIGNALING_DN,0.023997600239976,0.0293970602939706,0.0920996025791478,0.399190598121439,1.26230942456284,140,TGM1;SPTBN2;CLDN16;RYR1;KRT15;KLK7;CCNA1;CHST2;SYNPO;SKIL;MAST3;PLAG1;CDKAL1;YPEL1;TGFB2;KRT13;PKP1;KCND1;HTR1D;CELSR2;RSAD2;BARD1;P2RY4;CD207;MFSD6;NUDT11;MTHFR;MACROH2A2;RGS11;PNMT;PRODH;EDN1;PDK2;LFNG;LYPD3;MX1;NR4A2;STAG3;C5;SLC6A14;SERPINB2;CLSTN3;SELENOP;SLC30A3;SLC29A3;FGFR3;KMT2D;CCR8;HTR1B;ASB7;IGFBP2;SHOX2;KCNMB1;KLHDC8A;CD80;NTF3;ZNF112;ENTPD7;KRT5;MEFV;BTG2;CALCB
HALLMARK_SPERMATOGENESIS,0.0432389150235212,0.0516757764915253,0.0679370144586811,0.407418448082315,1.26410614482335,94,CCNA1;SLC12A2;TSN;AGFG1;GMCL1;SHE;SIRT1;TOPBP1;BUB1;NCAPH;DBF4;RPL39L;RFC4;MAST2;IDE;MTOR;TLE4;MLLT10;EZH2;PARP2;CSNK2A2;LPIN1;IP6K1;NEK2;ZC3H14;TTK;OAZ3;CCNB2;STAM2;DMC1;MAP7;SCG5;KIF2C;BRAF;CFTR;CLGN;PGS1;STRBP;CDK1;PCSK1N;CDKN3;CHRM4;CHFR;RAD17
HALLMARK_APICAL_SURFACE,0.0519493774239641,0.0606076069946248,0.0623299809682921,0.46756880258608,1.34509294440302,38,LYN;PLAUR;DCBLD2;SULF2;B4GALT1;SHROOM2;ADAM10;CRYBG1;CX3CL1;GATA3;IL2RB;SRPX;APP;LYPD3;CROCC;AFAP1L2;EPHB4;EFNA5
HALLMARK_NOTCH_SIGNALING,0.111386650134325,0.126928973408882,0.0415155189937178,0.457369681502692,1.2786489582044,30,NOTCH2;DTX4;MAML2;FZD7;WNT5A;FBXW11;JAG1;APH1A;HEYL;CUL1;NOTCH3;LFNG;TCF7L2;DTX2;SKP1;WNT2;DLL1;DTX1;FZD5;NOTCH1;PPARD;ARRB1;RBX1
HALLMARK_XENOBIOTIC_METABOLISM,0.120987901209879,0.134736526347365,0.0388937547614518,0.35945179664769,1.14555647309322,169,PROS1;CYP2S1;FAS;SLC6A6;EPHA2;TNFRSF1A;UPP1;NPC1;PC;LPIN2;CDO1;SLC6A12;IDH1;TGFB2;BCAT1;ABCC3;UGDH;IL1R1;ESR1;CFB;CAT;ETS2;ARPP19;CASP6;AQP9;SERPINE1;APOE;SSR3;HSD11B1;HMOX1;PTGES3;ELOVL5;GCH1;PGRMC1;MAN1A1;JUP;RBP4;PMM1;SERTAD1;KARS1;MARCHF6;BCAR1;ACP2;ID2;GSR;TMEM176B;ACOX1;NMT1;DDAH2;CYFIP2;GCKR;DHRS1;XDH;HPRT1;COMT;CYP2J2;ARG2;PSMB10;PDLIM5;SPINT2;VNN1;TMBIM6;IRF8;SLC35D1;HES6;FMO3;PEMT;MTHFD1;PINK1;KYNU;PTGES;CYP26A1;FBLN1;GABARAPL1;ATP2A2;LONP1;ACP1
HALLMARK_REACTIVE_OXYGEN_SPECIES_PATHWAY,0.283690813435856,0.308907774630154,0.0231147472973,0.381154354819313,1.1210983041199,47,PRNP;SBNO2;PDLIM1;MBP;CDKN2D;CAT;OXSR1;SCAF4;GCLM;JUNB;MGST1;PRDX6;GSR;SOD2;EGLN2;ABCC1;MSRA;PRDX4;LSP1;GPX4;PFKP;FES;TXN;SELENOS;GLRX
HALLMARK_BILE_ACID_METABOLISM,0.361389111289031,0.384957966373098,0.0191924507224364,0.340905386033955,1.05969441401441,97,NPC1;ISOC1;OPTN;ABCA4;IDH1;ABCA1;ACSL5;SLC27A2;CAT;NEDD4;SULT2B1;CH25H;AQP9;SLC35B2;RXRG;ABCD3;SLC29A1;PECR;LONP2;GCLM;ATXN1;PEX13;HSD17B11;PEX26;RBP1;BCAR3;SOAT2;DHCR24;PEX19;PNPLA8;ABCA2;GNPAT;SULT1B1;NR1I2;HSD3B7;NR3C2;PIPOX;SLC23A2;PEX7;LCK
HALLMARK_ADIPOGENESIS,0.574342565743426,0.598782674923997,0.0124201600751032,0.306350822347163,0.982101487886778,194,PFKFB3;IFNGR1;PLIN2;CAVIN1;CD151;APLP2;GADD45A;ATP1B3;ESYT1;C3;IDH1;ABCA1;GPD2;YWHAG;RIOK3;RAB34;SLC66A3;NABP1;LPL;STAT5A;TANK;ELOVL6;STOM;CCNG2;ITGA7;ITSN1;ACAA2;SSPN;UBQLN1;BAZ2A;ATL2;ADCY6;CAT;SOWAHC;BCL6;ANGPTL4;APOE;SNCG;PHLDB1;ACLY;RMDN3;BCL2L13;PGM1;PFKL;UCP2;MAP4K3;GPAT4;G3BP2;CHUK;RNF11;RETN;SORBS1;ACOX1;UBC;PPM1B;NMT1;ARAF
HALLMARK_FATTY_ACID_METABOLISM,0.80971902809719,0.826588174515882,0.00699370962996266,0.279008293169483,0.883318932122495,145,HSPH1;S100A10;YWHAH;ODC1;ACSL4;G0S2;IDH1;GPD2;LGALS1;LDHA;ACSL5;HSP90AA1;UGDH;PTPRG;RAP1GDS1;NBN;ACAA2;APEX1;UBE2L6;INMT;METAP1;BLVRA;ELOVL5;SERINC1;CBR3;HSD17B11;ALDH3A2;PRDX6;SLC22A5;ACOX1;PPARA;IL4I1;PSME1;SMS;ACAT2;DHCR24
HALLMARK_PANCREAS_BETA_CELLS,0.908859955541442,0.908859955541442,0.00585678261730665,0.246963506508026,0.658734765893986,22,DPP4;AKT3
HALLMARK_OXIDATIVE_PHOSPHORYLATION,,,,-0.318241635298885,,200,NDUFA3;ATP5MC1;COX6A1;NDUFA1;NDUFB1;COX8A;COX5B;NDUFA2;ECI1;NDUFB2;ATP5PD;COX6C;NDUFA9;MRPL34;UQCR10;COX7B;UQCRQ;NDUFB7;ATP5F1D;MPC1;COX4I1;COX6B1;ATP5PO;MRPS15;ETFB;SDHA;COX17;ATP5ME;VDAC3;ATP5MF;NDUFA8;HSD17B10;ACAT1;ATP5PF;LDHB;NDUFS7;SUCLG1;NDUFS6;ATP5F1E;NDUFS8;CYC1;ECHS1;NDUFB8;UQCR11;PHYH;ATP6V0B;NDUFC2;COX5A;CYCS;NDUFC1;NDUFS3;MAOB;AIFM1;FH;COX7A2;MRPS11;MDH2;ALDH6A1;SURF1;NDUFA6;UQCRB;PDHA1;ATP5MC2;TIMM13;ATP5MC3;ATP5F1C;ECH1;COX7C;NDUFA5;NDUFB3;FXN;GOT2;FDX1;POR;GPI;MGST3;OGDH;SLC25A20
